<?xml version="1.0" encoding="utf-8" ?>
<dwsync>
<file name="login.php" server="C:/AppServ/www/" local="128965977314218750" remote="128965977310000000" />
<file name="menu-giohang.php" server="C:/AppServ/www/" local="128965991644531250" remote="128965991640000000" />
<file name="hotro.php" server="C:/AppServ/www/" local="128986675649531250" remote="128986675640000000" />
<file name="timkiem.php" server="C:/AppServ/www/" local="128965141274843750" remote="128965141270000000" />
<file name="sp-moi.php" server="C:/AppServ/www/" local="128966002213125000" remote="128966002210000000" />
<file name="sanpham.php" server="C:/AppServ/www/" local="128966004345000000" remote="128966004340000000" />
<file name="footer.php" server="C:/AppServ/www/" local="128965328454105850" remote="128965328450000000" />
<file name="header.php" server="C:/AppServ/www/" local="128965969022343750" remote="128965969020000000" />
<file name="test-menu.php" server="C:/AppServ/www/" local="128971913472968750" remote="128971913470000000" />
<file name="baohanh.php" server="C:/AppServ/www/" local="128974785056250000" remote="128974785050000000" />
<file name="chitiet.php" server="C:/AppServ/www/" local="128974795278281250" remote="128974795270000000" />
<file name="content.php" server="C:/AppServ/www/" local="128995239412968750" remote="128995239410000000" />
<file name="register.php" server="C:/AppServ/www/" local="128977230768281250" remote="128977230760000000" />
<file name="phpmail.php" server="C:/AppServ/www/" local="128977371183437500" remote="128977371180000000" />
<file name="menu-top.php" server="C:/AppServ/www/" local="128978222260156250" remote="128978222260000000" />
<file name="menu-left.php" server="C:/AppServ/www/" local="128979810056782485" remote="128979810050000000" />
<file name="showcart.php" server="C:/AppServ/www/" local="128980656956718750" remote="128980656950000000" />
<file name="giohang.php" server="C:/AppServ/www/" local="128985980176718750" remote="128985980170000000" />
<file name="menu-left-org.php" server="C:/AppServ/www/" local="128996108914375000" remote="128996108910000000" />
<file name="sp.php" server="C:/AppServ/www/" local="129004119677934313" remote="129004119670000000" />
</dwsync>